<?xml version="1.0" encoding="UTF-8" ?>
<module>
	<name>ticketrestaurantmobile</name>
	<displayName><![CDATA[Ticket Restaurant Mobile®]]></displayName>
	<version><![CDATA[1.0.1]]></version>
	<description><![CDATA[Este móddulo permite pagamentos usando a aplicação My Ticket®.]]></description>
	<author><![CDATA[Paycritical]]></author>
	<tab><![CDATA[payments_gateways]]></tab>
	<confirmUninstall><![CDATA[Tem a certeza de que quer desinstalar?]]></confirmUninstall>
	<is_configurable>1</is_configurable>
	<need_instance>1</need_instance>
	<limited_countries></limited_countries>
</module>